market_id,selection_id,race_time,reference_price,reference_time,price_at_flag,time_at_flag,percentage_drop,actual_sp,outcome,result
1.260573158,3961721,2026-08-01 05:16:00+00:00,8.8,44.198,7.6,44.193,13.636363636363647,,LOSER,3.2631578947368567
1.260573158,1256650,2026-08-01 05:16:00+00:00,7.4,44.198,5.0,44.193,32.432432432432435,,WINNER,18.08
1.260600417,101161677,2026-08-01 12:10:00+00:00,4.9,60.285,4.3,0.245,12.244897959183684,,WINNER,2.418604651162802
1.260601327,98427846,2026-08-01 07:54:00+00:00,4.3,84.718,3.65,24.593,15.11627906976744,,LOSER,4.19178082191781
1.260601329,88990914,2026-08-01 08:28:00+00:00,11.5,84.58,9.4,24.608,18.260869565217387,,LOSER,6.276595744680854
1.260601329,101161630,2026-08-01 08:28:00+00:00,11.0,84.58,9.4,24.608,14.54545454545454,,LOSER,3.829787234042556
1.260925922,62176994,2026-08-11 05:35:00+00:00,5.7,64.275,5.1,4.218,10.526315789473694,,LOSER,1.411764705882355
1.260955829,67822920,2026-08-11 04:46:00+00:00,7.8,89.703,6.8,29.765,12.820512820512825,,LOSER,2.764705882352942
1.26095775,96181845,2026-08-12 03:08:00+00:00,10.0,63.647,7.8,3.718,22.000000000000004,,LOSER,8.974358974358978
1.260957759,88420172,2026-08-12 03:43:00+00:00,5.1,63.706,4.3,3.653,15.68627450980392,,LOSER,4.558139534883722
1.260991591,96720578,2026-08-13 05:05:00+00:00,6.6,69.342,5.7,9.298,13.63636363636363,,LOSER,3.2631578947368425
1.261038082,44993988,2026-08-15 06:20:00+00:00,9.8,66.521,8.6,6.509,12.244897959183684,,LOSER,2.418604651162802
1.261064731,93574185,2026-08-15 06:39:00+00:00,4.5,70.239,3.95,10.336,12.222222222222218,,LOSER,2.4050632911392427
1.261065561,27682911,2026-08-15 05:47:00+00:00,5.3,84.441,4.5,24.418,15.094339622641506,,WINNER,4.177777777777777
1.261065565,84222591,2026-08-15 06:21:00+00:00,3.65,84.411,3.25,24.435,10.95890410958904,,LOSER,1.6615384615384627
1.260601018,59768225,2026-08-02 04:30:00+00:00,7.8,82.554,6.8,22.516,12.820512820512825,,LOSER,2.764705882352942
1.260808177,81017097,2026-08-07 04:48:00+00:00,13.5,87.063,10.0,27.022,25.925925925925924,,LOSER,12.1
1.260808179,71588202,2026-08-07 05:23:00+00:00,5.1,86.993,4.5,27.017,11.764705882352937,,LOSER,2.1333333333333258
1.260808189,81019297,2026-08-07 08:03:00+00:00,7.4,82.617,6.6,22.569,10.81081081081082,,LOSER,1.575757575757578
1.260808189,81565921,2026-08-07 08:03:00+00:00,4.7,82.617,3.7,22.569,21.27659574468085,,LOSER,8.432432432432428
1.260859142,2485971,2026-08-09 06:45:00+00:00,6.6,87.016,5.8,27.038,12.12121212121212,,LOSER,2.344827586206904
1.260600141,63124042,2026-08-01 08:00:00+00:00,9.6,79.155,8.6,19.083,10.416666666666668,,LOSER,1.3488372093023244
1.261065537,84912842,2026-08-14 11:08:00+00:00,5.8,86.567,5.0,26.512,13.79310344827586,,LOSER,3.3599999999999994
1.261132398,86359689,2026-08-16 04:55:00+00:00,4.5,79.189,4.0,19.059,11.11111111111111,,LOSER,1.75
1.26064175,96694529,2026-08-03 04:30:00+00:00,3.95,70.881,3.45,10.928,12.658227848101264,,WINNER,2.6666666666666714
1.260643785,61895252,2026-08-04 04:10:00+00:00,11.0,71.23,9.8,11.187,10.909090909090905,,LOSER,1.632653061224488
1.260643785,77963816,2026-08-04 04:10:00+00:00,11.0,71.23,9.4,11.187,14.54545454545454,,LOSER,3.829787234042556
1.260792934,86828239,2026-08-06 03:51:00+00:00,9.6,61.177,8.6,1.208,10.416666666666668,,LOSER,1.3488372093023244
1.260792946,41298498,2026-08-06 07:24:00+00:00,9.2,61.119,7.6,1.149,17.391304347826082,,LOSER,5.684210526315788
1.260826752,101418726,2026-08-08 04:10:00+00:00,6.8,75.027,6.0,15.074,11.764705882352938,,LOSER,2.133333333333333
1.260826758,101418738,2026-08-08 05:25:00+00:00,10.5,75.078,8.2,15.034,21.90476190476191,,LOSER,8.902439024390254
1.261096277,69213525,2026-08-15 08:43:00+00:00,6.2,88.663,4.8,28.63,22.580645161290327,,LOSER,9.41666666666668
1.261096277,92420019,2026-08-15 08:43:00+00:00,7.2,88.663,6.4,28.63,11.111111111111107,,LOSER,1.75
1.261096283,58344982,2026-08-15 09:40:00+00:00,4.7,88.597,4.2,28.625,10.638297872340424,,LOSER,1.4761904761904745
1.261096286,47801098,2026-08-15 10:11:00+00:00,8.0,88.605,7.0,28.665,12.5,,LOSER,2.5714285714285765
1.261096289,69438135,2026-08-15 10:42:00+00:00,9.6,88.655,8.6,28.603,10.416666666666668,,LOSER,1.3488372093023244
1.261096289,86714274,2026-08-15 10:42:00+00:00,11.5,88.655,9.6,28.603,16.521739130434785,,LOSER,5.104166666666671
1.261128363,36408790,2026-08-16 06:34:00+00:00,11.0,66.624,8.4,6.691,23.636363636363637,,LOSER,10.238095238095234
1.261128365,101611995,2026-08-16 07:07:00+00:00,9.4,66.666,8.0,6.623,14.893617021276595,,LOSER,4.050000000000004
1.260646562,101219536,2026-08-04 03:00:00+00:00,10.5,59.977,9.2,0.031,12.380952380952388,,LOSER,2.500000000000007
1.260572572,101184044,2026-08-01 03:06:00+00:00,8.2,89.794,7.0,29.754,14.634146341463408,,LOSER,3.885714285714279
1.260572586,91924370,2026-08-01 04:16:00+00:00,7.8,89.847,6.0,29.795,23.07692307692308,,WINNER,9.800000000000004
1.260808344,93030613,2026-08-07 10:04:00+00:00,11.5,85.369,9.8,25.507,14.782608695652169,,LOSER,3.9795918367346914
1.260808347,39951868,2026-08-07 10:39:00+00:00,10.0,85.484,8.8,25.413,11.999999999999991,,LOSER,2.2727272727272734
1.26080835,73227207,2026-08-07 11:14:00+00:00,11.0,85.379,9.6,25.4,12.727272727272732,,WINNER,2.708333333333343
1.260808353,101383079,2026-08-07 11:49:00+00:00,10.5,85.437,9.2,25.395,12.380952380952388,,WINNER,2.500000000000007
1.260808359,6995755,2026-08-07 13:15:00+00:00,5.2,25.684,4.2,85.405,19.23076923076923,,LOSER,6.952380952380956
1.260808359,5052643,2026-08-07 13:15:00+00:00,3.45,85.405,3.1,25.374,10.144927536231886,,WINNER,1.1935483870967758
1.260830375,69161916,2026-08-08 07:10:00+00:00,11.5,68.856,10.0,8.919,13.043478260869565,,LOSER,2.9000000000000057
1.260830387,101418782,2026-08-08 08:30:00+00:00,10.5,68.92,8.8,8.844,16.190476190476183,,WINNER,4.886363636363633
1.260856356,72240178,2026-08-08 11:01:00+00:00,9.8,68.456,8.0,8.414,18.367346938775515,,WINNER,6.3500000000000085
1.260859077,62634490,2026-08-08 07:30:00+00:00,4.4,89.113,3.95,29.156,10.22727272727273,,WINNER,1.2405063291139342
1.260544869,64546266,2026-08-01 02:43:00+00:00,8.6,67.519,7.4,7.52,13.953488372093014,,LOSER,3.45945945945946
1.260544878,61026977,2026-08-01 03:18:00+00:00,6.2,67.532,5.4,7.507,12.90322580645161,,LOSER,2.8148148148148167
1.261038113,1336915,2026-08-14 05:35:00+00:00,7.4,64.773,6.6,4.798,10.81081081081082,,WINNER,1.575757575757578
1.261038116,428699,2026-08-14 06:10:00+00:00,5.9,64.708,5.3,4.767,10.169491525423735,,WINNER,1.2075471698113276
1.261066943,70107124,2026-08-14 11:00:00+00:00,7.4,61.848,6.4,62.072,13.513513513513512,,LOSER,3.1875
1.261066943,39254778,2026-08-14 11:26:00+00:00,6.4,2.154,5.7,61.527,10.937500000000004,,LOSER,1.649122807017541
1.261066943,49527937,2026-08-14 11:35:00+00:00,3.3,1.501,2.96,61.513,10.3030303030303,,WINNER,1.2837837837837824
1.261066947,42352438,2026-08-14 12:55:00+00:00,7.2,61.434,6.4,1.454,11.111111111111107,,LOSER,1.75
1.261066949,97000364,2026-08-14 13:20:00+00:00,9.8,61.506,8.4,1.653,14.285714285714288,,LOSER,3.666666666666672
1.261096135,49564184,2026-08-15 09:52:00+00:00,4.7,75.303,3.85,15.358,18.08510638297873,,LOSER,6.155844155844157
1.2611645,61828225,2026-08-17 07:16:00+00:00,8.6,85.388,7.2,25.407,16.279069767441857,,WINNER,4.944444444444443
1.260715477,71620719,2026-08-04 08:10:00+00:00,7.8,63.016,6.6,2.996,15.384615384615389,,WINNER,4.363636363636367
1.260715479,68385362,2026-08-04 08:40:00+00:00,3.8,63.037,3.3,3.007,13.157894736842104,,WINNER,2.969696969696976
1.260715481,53946567,2026-08-04 09:10:00+00:00,9.8,63.061,8.6,2.998,12.244897959183684,,WINNER,2.418604651162802
1.260831089,39595140,2026-08-08 04:31:00+00:00,7.0,87.59,6.0,27.547,14.285714285714285,,LOSER,3.666666666666672
1.260859098,101355192,2026-08-08 11:11:00+00:00,12.0,89.199,10.0,29.156,16.666666666666664,,LOSER,5.200000000000003
1.260859101,41409203,2026-08-08 11:42:00+00:00,3.85,89.09,3.4,29.134,11.688311688311693,,WINNER,2.088235294117652
1.260859101,70593962,2026-08-08 11:42:00+00:00,8.0,89.09,6.4,29.134,20.0,,LOSER,7.5
1.260860474,84148402,2026-08-08 07:42:00+00:00,7.2,64.757,6.2,4.801,13.88888888888889,,LOSER,3.41935483870968
1.260544932,78464947,2026-08-01 06:50:00+00:00,8.8,67.536,7.8,7.56,11.363636363636372,,LOSER,1.897435897435905
1.260956663,39087963,2026-08-11 06:52:00+00:00,13.0,88.914,9.8,28.879,24.61538461538461,,LOSER,11.020408163265309
1.260958397,88069966,2026-08-11 08:10:00+00:00,9.6,82.548,7.8,22.276,18.75,,LOSER,6.61538461538462
1.261064508,92784025,2026-08-15 03:16:00+00:00,10.5,89.568,8.8,29.588,16.190476190476183,,LOSER,4.886363636363633
1.261064522,90715909,2026-08-15 04:26:00+00:00,12.5,89.623,10.0,29.592,20.0,,LOSER,7.5
1.261064529,842725,2026-08-15 05:01:00+00:00,11.0,89.601,9.4,29.545,14.54545454545454,,LOSER,3.829787234042556
1.261132402,48273294,2026-08-16 06:10:00+00:00,9.4,79.086,8.4,19.012,10.638297872340424,,LOSER,1.4761904761904745
1.261132408,46652121,2026-08-16 07:50:00+00:00,5.3,79.065,4.5,19.113,15.094339622641506,,WINNER,4.177777777777777
1.261132408,58856055,2026-08-16 07:50:00+00:00,7.6,79.065,6.8,19.113,10.52631578947368,,LOSER,1.411764705882355
1.260601071,59620462,2026-08-02 05:00:00+00:00,11.0,84.676,9.0,24.645,18.181818181818183,,LOSER,6.2222222222222285
1.260643739,101218026,2026-08-03 04:45:00+00:00,8.8,68.51,7.6,8.494,13.636363636363647,,LOSER,3.2631578947368567
1.260643745,101218036,2026-08-03 06:25:00+00:00,4.3,68.463,3.75,8.482,12.790697674418604,,LOSER,2.7466666666666697
1.260643745,86102229,2026-08-03 06:25:00+00:00,4.8,68.463,4.3,8.482,10.416666666666668,,WINNER,1.3488372093023244
1.260643749,71447786,2026-08-03 07:40:00+00:00,10.5,68.508,9.0,8.476,14.285714285714285,,WINNER,3.666666666666672
1.260643806,1560488,2026-08-04 02:08:00+00:00,5.6,83.808,5.0,23.725,10.714285714285708,,WINNER,1.5200000000000031
1.260643814,101183192,2026-08-04 03:17:00+00:00,8.6,83.749,7.2,23.788,16.279069767441857,,LOSER,4.944444444444443
1.260643814,100396490,2026-08-04 03:17:00+00:00,11.0,83.749,9.8,23.788,10.909090909090905,,LOSER,1.632653061224488
1.260643818,91485495,2026-08-04 03:57:00+00:00,7.8,83.793,6.6,23.763,15.384615384615389,,LOSER,4.363636363636367
1.260643826,68930825,2026-08-04 05:12:00+00:00,7.8,83.798,6.6,23.728,15.384615384615389,,LOSER,4.363636363636367
1.260798599,80640522,2026-08-07 04:06:00+00:00,6.8,72.903,6.0,12.917,11.764705882352938,,LOSER,2.133333333333333
1.260798599,101384848,2026-08-07 04:06:00+00:00,5.9,72.903,5.3,12.917,10.169491525423735,,WINNER,1.2075471698113276
1.260798602,101384849,2026-08-07 04:41:00+00:00,7.2,72.958,6.4,12.913,11.111111111111107,,LOSER,1.75
1.260798608,4226599,2026-08-07 05:53:00+00:00,2.3,72.874,2.04,12.956,11.304347826086948,,WINNER,1.8627450980392128
1.26080828,28334574,2026-08-07 09:15:00+00:00,11.5,89.995,9.8,29.943,14.782608695652169,,LOSER,3.9795918367346914
1.260573173,101183316,2026-08-01 03:29:00+00:00,2.94,67.832,2.64,7.888,10.204081632653056,,LOSER,1.2272727272727266
1.260605211,101182098,2026-08-01 09:05:00+00:00,2.56,75.639,2.2,15.684,14.062499999999996,,WINNER,3.527272727272731
1.260910978,82021399,2026-08-10 06:18:00+00:00,8.4,82.143,7.4,22.135,11.904761904761903,,LOSER,2.2162162162162105
1.260910981,24625328,2026-08-10 06:54:00+00:00,5.8,82.099,4.4,22.175,24.13793103448275,,LOSER,10.636363636363631
1.260910984,72381582,2026-08-10 07:30:00+00:00,6.2,82.099,4.8,22.138,22.580645161290327,,WINNER,9.41666666666668
1.26106458,618202,2026-08-15 10:50:00+00:00,6.6,70.123,5.9,10.059,10.606060606060597,,LOSER,1.4576271186440692
1.261064691,85319946,2026-08-15 03:39:00+00:00,9.8,70.279,8.2,10.263,16.32653061224491,,LOSER,4.975609756097569
1.26113241,83446075,2026-08-17 03:05:00+00:00,3.4,83.434,3.05,23.455,10.294117647058826,,LOSER,1.2786885245901658
1.26113241,88329893,2026-08-17 03:05:00+00:00,7.4,83.434,6.6,23.455,10.81081081081082,,LOSER,1.575757575757578
1.261132413,101639143,2026-08-17 03:40:00+00:00,2.46,83.461,2.1,23.506,14.634146341463412,,WINNER,3.885714285714286
1.26132746,45461404,2026-08-22 07:27:00+00:00,9.2,80.455,8.2,20.445,10.869565217391305,,WINNER,1.6097560975609753
1.261605701,81193249,2026-08-28 14:15:00+00:00,5.7,67.4,4.7,7.459,17.543859649122805,,WINNER,5.7872340425531945
1.261564751,144629,2026-08-29 03:45:00+00:00,8.2,81.225,5.4,21.295,34.14634146341463,,LOSER,19.851851851851837
1.261564769,102098419,2026-08-29 04:55:00+00:00,10.5,81.251,9.4,21.268,10.476190476190473,,LOSER,1.38297872340425
1.260715428,48856290,2026-08-04 10:20:00+00:00,7.0,70.225,6.0,10.256,14.285714285714285,,LOSER,3.666666666666672
1.260715431,41477612,2026-08-04 10:50:00+00:00,3.75,70.204,3.25,10.244,13.333333333333334,,WINNER,3.07692307692308
1.260715485,101217978,2026-08-04 10:10:00+00:00,8.6,63.116,7.6,2.971,11.627906976744184,,WINNER,2.05263157894737
1.260715487,98685106,2026-08-04 10:40:00+00:00,11.0,63.252,9.6,3.002,12.727272727272732,,LOSER,2.708333333333343
1.260715491,100719981,2026-08-04 11:36:00+00:00,9.8,63.042,8.8,2.986,10.20408163265306,,LOSER,1.2272727272727335
1.260808231,101355143,2026-08-07 03:48:00+00:00,4.6,64.317,4.0,4.17,13.04347826086956,,LOSER,2.8999999999999986
1.261065519,69968054,2026-08-14 07:42:00+00:00,6.2,86.502,5.5,26.484,11.290322580645164,,WINNER,1.854545454545459
1.26106562,101640183,2026-08-15 07:23:00+00:00,5.6,82.816,5.0,22.795,10.714285714285708,,LOSER,1.5200000000000031
1.260601006,96118744,2026-08-02 02:30:00+00:00,8.8,82.495,7.0,22.522,20.45454545454546,,LOSER,7.828571428571443
1.260715397,30105417,2026-08-04 06:47:00+00:00,3.25,63.132,2.9,3.1,10.769230769230772,,WINNER,1.5517241379310391
1.260855896,57563328,2026-08-07 04:45:00+00:00,7.2,60.768,6.2,0.709,13.88888888888889,,LOSER,3.41935483870968
1.260831098,97211434,2026-08-08 06:19:00+00:00,5.0,87.56,4.5,27.543,10.0,,WINNER,1.1111111111111145
1.260831101,69675019,2026-08-08 06:57:00+00:00,11.0,87.596,9.8,27.546,10.909090909090905,,LOSER,1.632653061224488
1.260857113,42335997,2026-08-09 05:45:00+00:00,5.0,61.88,4.4,1.903,11.999999999999991,,LOSER,2.2727272727272734
1.260571401,78977338,2026-08-01 05:12:00+00:00,4.9,77.346,4.3,17.296,12.244897959183684,,LOSER,2.418604651162802
1.260600153,72134303,2026-08-01 10:06:00+00:00,5.5,79.312,4.9,19.023,10.909090909090905,,LOSER,1.632653061224488
1.260910963,101449130,2026-08-10 03:15:00+00:00,7.2,82.142,6.4,22.144,11.111111111111107,,LOSER,1.75
1.260925803,92704557,2026-08-10 07:02:00+00:00,14.5,72.303,9.8,12.33,32.41379310344827,,LOSER,18.06122448979592
1.260925805,101449181,2026-08-10 07:44:00+00:00,4.4,72.343,3.95,12.323,10.22727272727273,,LOSER,1.2405063291139342
1.260925809,60815353,2026-08-10 08:40:00+00:00,12.5,72.265,9.6,12.264,23.200000000000003,,LOSER,9.895833333333345
1.260925813,69175026,2026-08-10 09:30:00+00:00,12.5,72.266,9.2,12.324,26.40000000000001,,LOSER,12.500000000000009
1.260925813,53346732,2026-08-10 09:30:00+00:00,8.8,72.266,7.4,12.324,15.909090909090912,,LOSER,4.702702702702709
1.260992835,101579006,2026-08-13 03:17:00+00:00,10.0,85.811,8.6,25.795,14.000000000000004,,LOSER,3.4883720930232585
1.261063202,81602470,2026-08-14 12:04:00+00:00,5.5,81.265,4.2,21.331,23.636363636363637,,LOSER,10.238095238095234
1.261064316,41602848,2026-08-14 07:25:00+00:00,8.8,67.408,7.6,7.363,13.636363636363647,,WINNER,3.2631578947368567
1.261064322,2250579,2026-08-14 08:55:00+00:00,13.0,67.351,10.0,7.376,23.07692307692308,,LOSER,9.800000000000004
1.261173173,5325712,2026-08-17 08:01:00+00:00,8.4,84.113,7.4,24.157,11.904761904761903,,LOSER,2.2162162162162105
1.260641766,101219371,2026-08-03 05:30:00+00:00,6.0,70.959,5.3,10.92,11.66666666666667,,LOSER,2.075471698113212
1.260643683,101218040,2026-08-03 02:03:00+00:00,3.35,87.378,2.78,27.318,17.01492537313434,,LOSER,5.431654676259001
1.260643685,100885931,2026-08-03 02:28:00+00:00,5.6,87.615,4.5,27.265,19.64285714285713,,LOSER,7.244444444444447
1.260643767,96414178,2026-08-04 05:05:00+00:00,10.0,79.399,8.6,19.463,14.000000000000004,,LOSER,3.4883720930232585
1.260717139,101328187,2026-08-05 03:50:00+00:00,5.4,78.792,4.7,18.834,12.962962962962964,,LOSER,2.851063829787236
1.260801764,42393598,2026-08-06 08:05:00+00:00,2.62,72.243,2.34,12.219,10.687022900763369,,WINNER,1.504273504273506
1.260801768,100487837,2026-08-06 09:16:00+00:00,7.8,72.276,6.8,12.219,12.820512820512825,,LOSER,2.764705882352942
1.260955835,43979923,2026-08-11 06:03:00+00:00,9.2,89.77,8.2,29.707,10.869565217391305,,LOSER,1.6097560975609753
1.260955838,54712534,2026-08-11 06:37:00+00:00,11.0,89.718,8.6,29.771,21.818181818181824,,LOSER,8.83720930232559
1.260955841,80452858,2026-08-11 07:12:00+00:00,7.6,89.706,6.6,29.775,13.157894736842104,,WINNER,2.969696969696976
1.260956651,101449196,2026-08-11 03:12:00+00:00,7.8,88.961,6.4,28.937,17.948717948717942,,LOSER,6.0625
1.261064332,101611990,2026-08-14 11:50:00+00:00,7.0,67.385,5.8,7.34,17.142857142857146,,LOSER,5.517241379310349
1.261064334,82081240,2026-08-14 12:25:00+00:00,10.5,67.347,9.2,7.384,12.380952380952388,,LOSER,2.500000000000007
1.261064334,82860316,2026-08-14 12:25:00+00:00,2.9,67.347,2.6,7.384,10.344827586206891,,LOSER,1.3076923076923066
1.261064568,101639226,2026-08-15 09:10:00+00:00,6.0,70.097,5.3,10.089,11.66666666666667,,WINNER,2.075471698113212
1.261173161,68190873,2026-08-17 04:39:00+00:00,4.9,84.094,4.3,24.144,12.244897959183684,,LOSER,2.418604651162802
1.261173163,101669872,2026-08-17 05:10:00+00:00,2.84,84.327,2.5,24.111,11.971830985915489,,LOSER,2.256
1.261173167,2013919,2026-08-17 06:20:00+00:00,13.5,84.126,9.8,24.11,27.4074074074074,,WINNER,13.367346938775512
1.261173171,38778767,2026-08-17 07:33:00+00:00,4.8,84.096,4.2,24.136,12.499999999999991,,LOSER,2.5714285714285694
1.261173171,82905561,2026-08-17 07:33:00+00:00,7.6,84.096,6.8,24.136,10.52631578947368,,WINNER,1.411764705882355
1.261605686,52720579,2026-08-28 11:35:00+00:00,10.0,67.514,9.0,7.394,10.0,,LOSER,1.1111111111111145
1.261605686,60183320,2026-08-28 11:35:00+00:00,5.7,67.514,5.0,7.394,12.280701754385968,,LOSER,2.440000000000005
1.260859127,82895286,2026-08-09 03:37:00+00:00,5.3,86.978,4.6,27.071,13.207547169811324,,WINNER,3.0
1.26085913,101418697,2026-08-09 04:17:00+00:00,10.0,86.946,8.6,26.982,14.000000000000004,,LOSER,3.4883720930232585
1.260859136,101418707,2026-08-09 05:35:00+00:00,6.8,87.042,6.0,27.018,11.764705882352938,,WINNER,2.133333333333333
1.26057264,62869667,2026-08-01 05:20:00+00:00,11.0,83.695,9.2,23.644,16.36363636363637,,LOSER,5.000000000000007
1.26095863,100918507,2026-08-11 11:02:00+00:00,3.45,83.039,3.1,22.968,10.144927536231886,,LOSER,1.1935483870967758
1.26103801,101609932,2026-08-15 01:35:00+00:00,8.6,66.532,7.2,6.545,16.279069767441857,,LOSER,4.944444444444443
1.261038028,101609951,2026-08-15 02:45:00+00:00,10.5,66.53,9.0,6.5,14.285714285714285,,WINNER,3.666666666666672
1.261096139,60816440,2026-08-15 10:56:00+00:00,7.8,75.325,6.4,15.298,17.948717948717942,,LOSER,6.0625
1.261096141,58108429,2026-08-15 11:24:00+00:00,4.8,75.521,4.3,15.372,10.416666666666668,,LOSER,1.3488372093023244
1.261096143,65090473,2026-08-15 11:52:00+00:00,12.0,75.45,9.6,15.32,20.000000000000004,,LOSER,7.5
1.261096271,90017650,2026-08-15 07:47:00+00:00,9.2,88.585,8.2,28.631,10.869565217391305,,LOSER,1.6097560975609753
1.26109727,40866311,2026-08-16 04:35:00+00:00,5.9,79.19,4.8,19.285,18.644067796610177,,WINNER,6.541666666666671
1.261097278,42256123,2026-08-16 05:15:00+00:00,6.4,79.276,5.6,19.219,12.50000000000001,,LOSER,2.5714285714285765
1.261132428,101639153,2026-08-17 06:45:00+00:00,4.8,83.52,4.0,23.467,16.666666666666664,,LOSER,5.200000000000003
1.26116449,85815290,2026-08-17 04:07:00+00:00,9.6,85.372,8.6,25.447,10.416666666666668,,LOSER,1.3488372093023244
1.260643697,71981404,2026-08-03 06:09:00+00:00,10.5,87.264,8.8,27.327,16.190476190476183,,LOSER,4.886363636363633
1.260643699,34337357,2026-08-03 06:49:00+00:00,9.8,87.616,8.0,27.349,18.367346938775515,,LOSER,6.3500000000000085
1.260715405,64764682,2026-08-04 07:02:00+00:00,4.6,64.274,4.1,4.234,10.869565217391305,,LOSER,1.6097560975609753
1.260715407,35934737,2026-08-04 07:29:00+00:00,10.0,64.19,8.2,4.198,18.000000000000007,,LOSER,6.097560975609767
1.260715409,97243268,2026-08-04 08:03:00+00:00,5.8,64.629,5.1,4.273,12.068965517241384,,LOSER,2.3137254901960844
1.260715413,101218009,2026-08-04 09:00:00+00:00,5.3,64.241,4.2,4.265,20.754716981132063,,LOSER,8.047619047619051
1.260715415,70930471,2026-08-04 09:30:00+00:00,8.0,64.219,7.0,4.273,12.5,,LOSER,2.5714285714285765
1.260754604,99531783,2026-08-06 03:30:00+00:00,5.0,66.866,4.5,6.883,10.0,,WINNER,1.1111111111111145
1.260601335,9310466,2026-08-01 09:52:00+00:00,10.5,84.655,9.4,24.667,10.476190476190473,,LOSER,1.38297872340425
1.260601339,86587699,2026-08-01 10:59:00+00:00,7.2,84.61,6.2,24.584,13.88888888888889,,LOSER,3.41935483870968
1.260925797,101449148,2026-08-10 05:20:00+00:00,1.56,12.421,1.4,76.032,10.256410256410266,,LOSER,1.2571428571428598
1.260925907,91115820,2026-08-11 02:30:00+00:00,5.9,64.346,5.1,4.197,13.559322033898315,,LOSER,3.2156862745098067
1.260925913,101451546,2026-08-11 03:40:00+00:00,6.0,64.211,5.3,4.196,11.66666666666667,,LOSER,2.075471698113212
1.260958624,40284847,2026-08-11 09:20:00+00:00,12.0,82.989,9.6,23.042,20.000000000000004,,LOSER,7.5
1.260958626,3734788,2026-08-11 09:54:00+00:00,11.5,82.967,9.8,22.96,14.782608695652169,,LOSER,3.9795918367346914
1.2609916,69931541,2026-08-13 06:55:00+00:00,6.0,69.307,4.8,9.279,20.000000000000004,,LOSER,7.5
1.261063181,82021335,2026-08-14 08:07:00+00:00,6.8,81.412,5.9,21.289,13.23529411764705,,LOSER,3.0169491525423737
1.261063193,97523247,2026-08-14 10:19:00+00:00,11.0,81.32,9.4,21.26,14.54545454545454,,LOSER,3.829787234042556
1.261128371,101612006,2026-08-16 08:57:00+00:00,7.0,66.603,5.5,6.65,21.428571428571427,,LOSER,8.545454545454547
1.261327468,97242356,2026-08-22 08:50:00+00:00,4.7,80.38,4.2,20.449,10.638297872340424,,LOSER,1.4761904761904745
1.261564787,62634787,2026-08-29 06:10:00+00:00,4.0,81.287,3.5,21.255,12.5,,LOSER,2.5714285714285765
1.261564796,85744919,2026-08-29 06:45:00+00:00,7.2,81.272,5.5,21.318,23.611111111111114,,LOSER,10.21818181818182
1.260808197,61034028,2026-08-07 10:18:00+00:00,5.3,82.628,4.5,22.587,15.094339622641506,,LOSER,4.177777777777777
1.260808199,80027501,2026-08-07 10:53:00+00:00,7.6,82.59,6.6,22.567,13.157894736842104,,WINNER,2.969696969696976
1.260808199,65832474,2026-08-07 10:53:00+00:00,5.3,82.59,4.5,22.567,15.094339622641506,,LOSER,4.177777777777777
1.260808201,101387885,2026-08-07 11:28:00+00:00,8.2,82.978,7.2,22.64,12.195121951219502,,LOSER,2.3888888888888857
1.260808201,101387888,2026-08-07 11:28:00+00:00,4.6,82.978,3.9,22.64,15.21739130434782,,LOSER,4.256410256410256
